model,bound_state,n_bound,relaxation_multiples_c,gamma,mean_error_fraction_after_c,mean_progress_fraction_after_c,prob_SOS_dwell_survives_c_relaxations,mean_residual_fraction_at_unbinding,mean_completed_fraction_at_unbinding
Model1,GDP,1,1.0,2.5,0.36787944117144233,0.6321205588285577,0.6703200460356393,0.2857142857142857,0.7142857142857143
Model1,GDP,1,2.0,2.5,0.1353352832366127,0.8646647167633873,0.44932896411722156,0.2857142857142857,0.7142857142857143
Model1,GDP,1,3.0,2.5,0.049787068367863944,0.950212931632136,0.30119421191220214,0.2857142857142857,0.7142857142857143
Model1,GDP,1,5.0,2.5,0.006737946999085467,0.9932620530009145,0.1353352832366127,0.2857142857142857,0.7142857142857143
Model1,GDP,2,1.0,4.5,0.36787944117144233,0.6321205588285577,0.8007374029168081,0.18181818181818182,0.8181818181818182
Model1,GDP,2,2.0,4.5,0.1353352832366127,0.8646647167633873,0.6411803884299546,0.18181818181818182,0.8181818181818182
Model1,GDP,2,3.0,4.5,0.049787068367863944,0.950212931632136,0.513417119032592,0.18181818181818182,0.8181818181818182
Model1,GDP,2,5.0,4.5,0.006737946999085467,0.9932620530009145,0.32919298780790557,0.18181818181818182,0.8181818181818182
Model1,GDP,3,1.0,6.5,0.36787944117144233,0.6321205588285577,0.8574039191604412,0.13333333333333333,0.8666666666666667
Model1,GDP,3,2.0,6.5,0.1353352832366127,0.8646647167633873,0.7351414805916845,0.13333333333333333,0.8666666666666667
Model1,GDP,3,3.0,6.5,0.049787068367863944,0.950212931632136,0.6303131865967198,0.13333333333333333,0.8666666666666667
Model1,GDP,3,5.0,6.5,0.006737946999085467,0.9932620530009145,0.4633693692311753,0.13333333333333333,0.8666666666666667
Model1,GDP,4,1.0,8.5,0.36787944117144233,0.6321205588285577,0.8890097654027757,0.10526315789473684,0.8947368421052632
Model1,GDP,4,2.0,8.5,0.1353352832366127,0.8646647167633873,0.7903383629814982,0.10526315789473684,0.8947368421052632
Model1,GDP,4,3.0,8.5,0.049787068367863944,0.950212931632136,0.7026185226629955,0.10526315789473684,0.8947368421052632
Model1,GDP,4,5.0,8.5,0.006737946999085467,0.9932620530009145,0.5553063730019505,0.10526315789473684,0.8947368421052632
Model1,GDP,5,1.0,10.5,0.36787944117144233,0.6321205588285577,0.909156442876713,0.08695652173913043,0.9130434782608695
Model1,GDP,5,2.0,10.5,0.1353352832366127,0.8646647167633873,0.8265654376242381,0.08695652173913043,0.9130434782608695
Model1,GDP,5,3.0,10.5,0.049787068367863944,0.950212931632136,0.751477293075286,0.08695652173913043,0.9130434782608695
Model1,GDP,5,5.0,10.5,0.006737946999085467,0.9932620530009145,0.6211451576154515,0.08695652173913043,0.9130434782608695
Model1,GTP,1,1.0,25.0,0.36787944117144233,0.6321205588285577,0.9607894391523232,0.038461538461538464,0.9615384615384616
Model1,GTP,1,2.0,25.0,0.1353352832366127,0.8646647167633873,0.9231163463866358,0.038461538461538464,0.9615384615384616
Model1,GTP,1,3.0,25.0,0.049787068367863944,0.950212931632136,0.8869204367171575,0.038461538461538464,0.9615384615384616
Model1,GTP,1,5.0,25.0,0.006737946999085467,0.9932620530009145,0.8187307530779818,0.038461538461538464,0.9615384615384616
Model1,GTP,2,1.0,45.0,0.36787944117144233,0.6321205588285577,0.9780228724846005,0.021739130434782608,0.9782608695652174
Model1,GTP,2,2.0,45.0,0.1353352832366127,0.8646647167633873,0.9565287391030293,0.021739130434782608,0.9782608695652174
Model1,GTP,2,3.0,45.0,0.049787068367863944,0.950212931632136,0.9355069850316178,0.021739130434782608,0.9782608695652174
Model1,GTP,2,5.0,45.0,0.006737946999085467,0.9932620530009145,0.8948393168143698,0.021739130434782608,0.9782608695652174
Model1,GTP,3,1.0,65.0,0.36787944117144233,0.6321205588285577,0.9847331232494916,0.015151515151515152,0.9848484848484849
Model1,GTP,3,2.0,65.0,0.1353352832366127,0.8646647167633873,0.9696993240246984,0.015151515151515152,0.9848484848484849
Model1,GTP,3,3.0,65.0,0.049787068367863944,0.950212931632136,0.9548950439597621,0.015151515151515152,0.9848484848484849
Model1,GTP,3,5.0,65.0,0.006737946999085467,0.9932620530009145,0.925961078642316,0.015151515151515152,0.9848484848484849
Model1,GTP,4,1.0,85.0,0.36787944117144233,0.6321205588285577,0.9883042276773919,0.011627906976744186,0.9883720930232558
Model1,GTP,4,2.0,85.0,0.1353352832366127,0.8646647167633873,0.9767452464450059,0.011627906976744186,0.9883720930232558
Model1,GTP,4,3.0,85.0,0.049787068367863944,0.950212931632136,0.9653214564253954,0.011627906976744186,0.9883720930232558
Model1,GTP,4,5.0,85.0,0.006737946999085467,0.9932620530009145,0.942873143854875,0.011627906976744186,0.9883720930232558
Model1,GTP,5,1.0,105.00000000000001,0.36787944117144233,0.6321205588285577,0.9905213983193211,0.009433962264150941,0.9905660377358491
Model1,GTP,5,2.0,105.00000000000001,0.1353352832366127,0.8646647167633873,0.9811326405284632,0.009433962264150941,0.9905660377358491
Model1,GTP,5,3.0,105.00000000000001,0.049787068367863944,0.950212931632136,0.9718328750329811,0.009433962264150941,0.9905660377358491
Model1,GTP,5,5.0,105.00000000000001,0.006737946999085467,0.9932620530009145,0.9534969548334767,0.009433962264150941,0.9905660377358491
Model2,GDP,1,1.0,7.000000000000001,0.36787944117144233,0.6321205588285577,0.8668778997501816,0.125,0.8750000000000001
Model2,GDP,1,2.0,7.000000000000001,0.1353352832366127,0.8646647167633873,0.751477293075286,0.125,0.8750000000000001
Model2,GDP,1,3.0,7.000000000000001,0.049787068367863944,0.950212931632136,0.6514390575310557,0.125,0.8750000000000001
Model2,GDP,1,5.0,7.000000000000001,0.006737946999085467,0.9932620530009145,0.48954165955695317,0.125,0.8750000000000001
Model2,GDP,2,1.0,9.0,0.36787944117144233,0.6321205588285577,0.8948393168143698,0.1,0.9
Model2,GDP,2,2.0,9.0,0.1353352832366127,0.8646647167633873,0.8007374029168081,0.1,0.9
Model2,GDP,2,3.0,9.0,0.049787068367863944,0.950212931632136,0.7165313105737893,0.1,0.9
Model2,GDP,2,5.0,9.0,0.006737946999085467,0.9932620530009145,0.5737534207374327,0.1,0.9
Model2,GDP,3,1.0,11.0,0.36787944117144233,0.6321205588285577,0.9131007162822623,0.08333333333333333,0.9166666666666666
Model2,GDP,3,2.0,11.0,0.1353352832366127,0.8646647167633873,0.8337529180751806,0.08333333333333333,0.9166666666666666
Model2,GDP,3,3.0,11.0,0.049787068367863944,0.950212931632136,0.7613003866968737,0.08333333333333333,0.9166666666666666
Model2,GDP,3,5.0,11.0,0.006737946999085467,0.9932620530009145,0.6347364189402819,0.08333333333333333,0.9166666666666666
Model2,GDP,4,1.0,13.0,0.36787944117144233,0.6321205588285577,0.925961078642316,0.07142857142857142,0.9285714285714286
Model2,GDP,4,2.0,13.0,0.1353352832366127,0.8646647167633873,0.8574039191604412,0.07142857142857142,0.9285714285714286
Model2,GDP,4,3.0,13.0,0.049787068367863944,0.950212931632136,0.7939226578179512,0.07142857142857142,0.9285714285714286
Model2,GDP,4,5.0,13.0,0.006737946999085467,0.9932620530009145,0.6807123983233854,0.07142857142857142,0.9285714285714286
Model2,GDP,5,1.0,15.000000000000002,0.36787944117144233,0.6321205588285577,0.9355069850316178,0.0625,0.9375000000000001
Model2,GDP,5,2.0,15.000000000000002,0.1353352832366127,0.8646647167633873,0.8751733190429475,0.0625,0.9375000000000001
Model2,GDP,5,3.0,15.000000000000002,0.049787068367863944,0.950212931632136,0.8187307530779818,0.0625,0.9375000000000001
Model2,GDP,5,5.0,15.000000000000002,0.006737946999085467,0.9932620530009145,0.7165313105737893,0.0625,0.9375000000000001
Model2,GTP,1,1.0,70.0,0.36787944117144233,0.6321205588285577,0.9858158423524046,0.014084507042253521,0.9859154929577465
Model2,GTP,1,2.0,70.0,0.1353352832366127,0.8646647167633873,0.9718328750329811,0.014084507042253521,0.9859154929577465
Model2,GTP,1,3.0,70.0,0.049787068367863944,0.950212931632136,0.9580482443263975,0.014084507042253521,0.9859154929577465
Model2,GTP,1,5.0,70.0,0.006737946999085467,0.9932620530009145,0.9310627797040227,0.014084507042253521,0.9859154929577465
Model2,GTP,2,1.0,90.0,0.36787944117144233,0.6321205588285577,0.9889503892939223,0.01098901098901099,0.989010989010989
Model2,GTP,2,2.0,90.0,0.1353352832366127,0.8646647167633873,0.9780228724846005,0.01098901098901099,0.989010989010989
Model2,GTP,2,3.0,90.0,0.049787068367863944,0.950212931632136,0.9672161004820059,0.01098901098901099,0.989010989010989
Model2,GTP,2,5.0,90.0,0.006737946999085467,0.9932620530009145,0.9459594689067654,0.01098901098901099,0.989010989010989
Model2,GTP,3,1.0,110.0,0.36787944117144233,0.6321205588285577,0.9909502882880793,0.009009009009009009,0.990990990990991
Model2,GTP,3,2.0,110.0,0.1353352832366127,0.8646647167633873,0.9819824738582275,0.009009009009009009,0.990990990990991
Model2,GTP,3,3.0,110.0,0.049787068367863944,0.950212931632136,0.9730958155636518,0.009009009009009009,0.990990990990991
Model2,GTP,3,5.0,110.0,0.006737946999085467,0.9932620530009145,0.9555630362682842,0.009009009009009009,0.990990990990991
Model2,GTP,4,1.0,130.0,0.36787944117144233,0.6321205588285577,0.9923372023911486,0.007633587786259542,0.9923664122137404
Model2,GTP,4,2.0,130.0,0.1353352832366127,0.8646647167633873,0.9847331232494916,0.007633587786259542,0.9923664122137404
Model2,GTP,4,3.0,130.0,0.049787068367863944,0.950212931632136,0.9771873126272987,0.007633587786259542,0.9923664122137404
Model2,GTP,4,5.0,130.0,0.006737946999085467,0.9932620530009145,0.9622687143632572,0.007633587786259542,0.9923664122137404
Model2,GTP,5,1.0,150.00000000000003,0.36787944117144233,0.6321205588285577,0.9933555062550344,0.00662251655629139,0.9933774834437086
Model2,GTP,5,2.0,150.00000000000003,0.1353352832366127,0.8646647167633873,0.9867551618071957,0.00662251655629139,0.9933774834437086
Model2,GTP,5,3.0,150.00000000000003,0.049787068367863944,0.950212931632136,0.9801986733067553,0.00662251655629139,0.9933774834437086
Model2,GTP,5,5.0,150.00000000000003,0.006737946999085467,0.9932620530009145,0.9672161004820059,0.00662251655629139,0.9933774834437086
Model3,GDP,1,1.0,0.0025,0.36787944117144233,0.6321205588285577,1.9151695967140057e-174,0.9975062344139651,0.002493765586034913
Model3,GDP,1,2.0,0.0025,0.1353352832366127,0.8646647167633873,0.0,0.9975062344139651,0.002493765586034913
Model3,GDP,1,3.0,0.0025,0.049787068367863944,0.950212931632136,0.0,0.9975062344139651,0.002493765586034913
Model3,GDP,1,5.0,0.0025,0.006737946999085467,0.9932620530009145,0.0,0.9975062344139651,0.002493765586034913
Model3,GDP,2,1.0,0.0045,0.36787944117144233,0.6321205588285577,3.09111478657153e-97,0.9955201592832256,0.004479840716774514
Model3,GDP,2,2.0,0.0045,0.1353352832366127,0.8646647167633873,9.554990623761158e-194,0.9955201592832256,0.004479840716774514
Model3,GDP,2,3.0,0.0045,0.049787068367863944,0.950212931632136,2.953557280265877e-290,0.9955201592832256,0.004479840716774514
Model3,GDP,2,5.0,0.0045,0.006737946999085467,0.9932620530009145,0.0,0.9955201592832256,0.004479840716774514
Model3,GDP,3,1.0,0.006500000000000001,0.36787944117144233,0.6321205588285577,1.5327252873438256e-67,0.9935419771485345,0.006458022851465475
Model3,GDP,3,2.0,0.006500000000000001,0.1353352832366127,0.8646647167633873,2.349246806463213e-134,0.9935419771485345,0.006458022851465475
Model3,GDP,3,3.0,0.006500000000000001,0.049787068367863944,0.950212931632136,3.6007499864779944e-201,0.9935419771485345,0.006458022851465475
Model3,GDP,3,5.0,0.006500000000000001,0.006737946999085467,0.9932620530009145,0.0,0.9935419771485345,0.006458022851465475
Model3,GDP,4,1.0,0.0085,0.36787944117144233,0.6321205588285577,8.063647617608365e-52,0.991571641051066,0.008428358948934062
Model3,GDP,4,2.0,0.0085,0.1353352832366127,0.8646647167633873,6.502241290096106e-103,0.991571641051066,0.008428358948934062
Model3,GDP,4,3.0,0.0085,0.049787068367863944,0.950212931632136,5.243178248799746e-154,0.991571641051066,0.008428358948934062
Model3,GDP,4,5.0,0.0085,0.006737946999085467,0.9932620530009145,3.409241010067853e-256,0.991571641051066,0.008428358948934062
Model3,GDP,5,1.0,0.0105,0.36787944117144233,0.6321205588285577,4.351317477581228e-42,0.9896091044037606,0.010390895596239487
Model3,GDP,5,2.0,0.0105,0.1353352832366127,0.8646647167633873,1.8933963790703856e-83,0.9896091044037606,0.010390895596239487
Model3,GDP,5,3.0,0.0105,0.049787068367863944,0.950212931632136,8.238768756237629e-125,0.9896091044037606,0.010390895596239487
Model3,GDP,5,5.0,0.0105,0.006737946999085467,0.9932620530009145,1.5599254931058998e-207,0.9896091044037606,0.010390895596239487
Model3,GTP,1,1.0,0.025,0.36787944117144233,0.6321205588285577,4.248354255291589e-18,0.9756097560975611,0.02439024390243903
Model3,GTP,1,2.0,0.025,0.1353352832366127,0.8646647167633873,1.8048513878454153e-35,0.9756097560975611,0.02439024390243903
Model3,GTP,1,3.0,0.025,0.049787068367863944,0.950212931632136,7.667648073722e-53,0.9756097560975611,0.02439024390243903
Model3,GTP,1,5.0,0.025,0.006737946999085467,0.9932620530009145,1.3838965267367376e-87,0.9756097560975611,0.02439024390243903
Model3,GTP,2,1.0,0.045,0.36787944117144233,0.6321205588285577,2.233631436203166e-10,0.9569377990430623,0.0430622009569378
Model3,GTP,2,2.0,0.045,0.1353352832366127,0.8646647167633873,4.9891093927950183e-20,0.9569377990430623,0.0430622009569378
Model3,GTP,2,3.0,0.045,0.049787068367863944,0.950212931632136,1.1143831578403364e-29,0.9569377990430623,0.0430622009569378
Model3,GTP,2,5.0,0.045,0.006737946999085467,0.9932620530009145,5.559779479953796e-49,0.9569377990430623,0.0430622009569378
Model3,GTP,3,1.0,0.065,0.36787944117144233,0.6321205588285577,2.0823150224148703e-07,0.9389671361502347,0.061032863849765265
Model3,GTP,3,2.0,0.065,0.1353352832366127,0.8646647167633873,4.336035852574641e-14,0.9389671361502347,0.061032863849765265
Model3,GTP,3,3.0,0.065,0.049787068367863944,0.950212931632136,9.028992593545614e-21,0.9389671361502347,0.061032863849765265
Model3,GTP,3,5.0,0.065,0.006737946999085467,0.9932620530009145,3.915003559824468e-34,0.9389671361502347,0.061032863849765265
Model3,GTP,4,1.0,0.085,0.36787944117144233,0.6321205588285577,7.77415426242197e-06,0.9216589861751152,0.0783410138248848
Model3,GTP,4,2.0,0.085,0.1353352832366127,0.8646647167633873,6.043747449593367e-11,0.9216589861751152,0.0783410138248848
Model3,GTP,4,3.0,0.085,0.049787068367863944,0.950212931632136,4.698502499625825e-16,0.9216589861751152,0.0783410138248848
Model3,GTP,4,5.0,0.085,0.006737946999085467,0.9932620530009145,2.839656249902154e-26,0.9216589861751152,0.0783410138248848
Model3,GTP,5,1.0,0.10500000000000001,0.36787944117144233,0.6321205588285577,7.30906925794498e-05,0.9049773755656109,0.09502262443438915
Model3,GTP,5,2.0,0.10500000000000001,0.1353352832366127,0.8646647167633873,5.342249341743637e-09,0.9049773755656109,0.09502262443438915
Model3,GTP,5,3.0,0.10500000000000001,0.049787068367863944,0.950212931632136,3.9046870432015286e-13,0.9049773755656109,0.09502262443438915
Model3,GTP,5,5.0,0.10500000000000001,0.006737946999085467,0.9932620530009145,2.085981178625835e-21,0.9049773755656109,0.09502262443438915
